"YEAR";"MONTH";"sst";"botT";"so";"botso";"nppv"
1987;1;14.1342136264166;13.9555152189796;38.3512133693566;38.5066090140434;NA
1987;2;13.5714963468521;13.559594914086;38.3836542464419;38.5058939177855;NA
1987;3;13.4373672607036;13.3483339826316;38.4739155014183;38.571117033881;NA
1987;4;14.4138439668866;13.7150314870371;38.5502103721854;38.6874397439174;NA
1987;5;16.3057908951139;14.0390359486777;38.4769284060899;38.6824121027544;NA
1987;6;20.2564029828277;14.2304814405446;38.4223958211482;38.6758302783135;NA
1987;7;24.8710075280129;14.3607832377334;38.4067741204209;38.682749948715;NA
1987;8;25.9804685211347;14.462965133648;38.4384985310354;38.7011866944798;NA
1987;9;25.8482319454058;14.5060815636413;38.5545493226781;38.6978133130862;NA
1987;10;22.7174287210821;14.691200589235;38.452550310763;38.6841911621576;NA
1987;11;18.5694694166508;14.9808320013771;38.3649808360448;38.6653512273264;NA
1987;12;15.9818927993453;14.777642282428;38.4377216612275;38.621811225817;NA
1988;1;14.8561041966998;14.3686044685233;38.4679492559529;38.6245856284986;NA
1988;2;14.0400265923412;13.8721036414332;38.5109474621448;38.6168806110322;NA
1988;3;13.7392632462005;13.5205863420011;38.5383895409438;38.6193569407341;NA
1988;4;14.7602666458353;13.6910414668311;38.4752862237431;38.6039196034036;NA
1988;5;17.7107336793682;13.9663600135569;38.393681512509;38.6059698283714;NA
1988;6;21.2721437975608;14.1772458478618;38.2941421929424;38.6327780311984;NA
1988;7;25.5594211344359;14.2904188736582;38.2061557200266;38.6457317151489;NA
1988;8;26.9784408164892;14.4201208874141;38.1277373060327;38.6102385611103;NA
1988;9;24.7094276820297;14.4257408723489;38.1566097103103;38.6088627933548;NA
1988;10;22.2500903746632;14.4940151930912;38.1971255771515;38.6114488829957;NA
1988;11;18.188074059749;14.8865945114238;38.2732230355448;38.5663069445388;NA
1988;12;15.2988994854701;14.4122618596476;38.3455586718993;38.5523054515975;NA
1989;1;14.0156696091124;13.7673984993045;38.3916116075736;38.5713411125275;NA
1989;2;13.6570739636422;13.4662419419085;38.4582100310223;38.6084837015508;NA
1989;3;13.9749821104698;13.492208266764;38.5089230991385;38.6239523762648;NA
1989;4;15.1888306961469;13.6536610180268;38.4578243024486;38.5888759993205;NA
1989;5;17.1273914460479;13.9291130981768;38.3298337877489;38.5645085226929;NA
1989;6;20.7737786963001;14.1270994980074;38.3332430831073;38.5981490568717;NA
1989;7;24.7241639713631;14.2574715520937;38.3148303172127;38.6282335688351;NA
1989;8;25.9136500025458;14.4561943689725;38.3358166374163;38.6294542920008;NA
1989;9;24.4144926310892;14.5654355052215;38.3159026036699;38.6368444422459;NA
1989;10;20.6248363065042;14.808714192995;38.244578973469;38.6136630449602;NA
1989;11;17.9984387791072;14.763087475173;38.2413651473312;38.6113706998119;NA
1989;12;15.7391578721407;14.5867739602664;38.3030162207566;38.5911582208615;NA
1990;1;14.5511012993333;14.1191646030896;38.3213010812552;38.5939005579308;NA
1990;2;14.2570952289951;13.8997892354484;38.3798883187539;38.644445896195;NA
1990;3;14.5533829407329;13.8967676953532;38.4503002835282;38.6640710922294;NA
1990;4;15.0990376631365;14.0009178764466;38.3838270560292;38.6279519309427;NA
1990;5;17.9026301397209;14.12527285664;38.3337271539929;38.6005435872521;NA
1990;6;20.9292658222412;14.3976240119009;38.300164727943;38.611305476593;NA
1990;7;24.6986538781112;14.5629287741713;38.2898829354078;38.6451079367516;NA
1990;8;25.886490446533;14.6690695062648;38.393867325927;38.6616845264104;NA
1990;9;24.3513342939357;14.6758867814593;38.4533659128817;38.6707148353899;NA
1990;10;22.1325870852891;14.7977811108778;38.3978940873107;38.6577908824116;NA
1990;11;18.957514062836;15.0744086440031;38.3151173726338;38.6375228508475;NA
1990;12;15.8176401477924;14.8400048868027;38.3934142805057;38.6064455926099;NA
1991;1;14.5982402854411;14.33039052303;38.3735758599791;38.5643817881102;NA
1991;2;13.8468179678389;13.7245423350825;38.4147797048044;38.5439108721833;NA
1991;3;14.2403569770427;13.7815871514497;38.3416096411327;38.5535024616346;NA
1991;4;14.8368848670273;13.8923585609333;38.2628716991645;38.5311328198015;NA
1991;5;16.2306502016739;14.1441621824954;38.2316111723364;38.5142286434624;NA
1991;6;20.2454044030747;14.3793089975569;38.2622234767191;38.5641868373437;NA
1991;7;24.2339515340562;14.6462128265902;38.2160303275967;38.6167746074024;NA
1991;8;25.84650688335;14.6080237292867;38.2546379006905;38.6337000870501;NA
1991;9;25.0771857674032;14.593919687106;38.1944148146291;38.6021384776877;NA
1991;10;22.0725302751903;14.7055800075896;38.1050658720737;38.5610473169102;NA
1991;11;18.2229953046618;14.824689106366;38.0951969033271;38.5452492546082;NA
1991;12;15.4027221351411;14.5628489413798;38.1619155802747;38.4742242226397;NA
1992;1;13.9484903064213;13.6885549616863;38.2781908451582;38.4728439103531;NA
1992;2;13.4958049035664;13.3282397977759;38.3367722717984;38.5050267002333;NA
1992;3;13.5763092715326;13.3783086806094;38.4065459442932;38.5598102052815;NA
1992;4;14.554316584288;13.564583926045;38.3976409555275;38.6010350788029;NA
1992;5;17.6440148592581;13.7354111958323;38.2429251289044;38.5812761971368;NA
1992;6;20.9619259668863;13.8767445677636;38.1934070927781;38.6051923209167;NA
1992;7;23.6037714714292;14.081186017854;38.158515921275;38.6253357387365;NA
1992;8;26.9793150337625;14.1850381521448;38.270463345371;38.6507416969006;NA
1992;9;25.2338355846601;14.2364753066708;38.3840363591661;38.6338237303235;NA
1992;10;21.289542284275;14.2755527710016;38.2628811425898;38.6035842284786;NA
1992;11;18.3068641285229;14.6357714954305;38.1827957685233;38.5688937393666;NA
1992;12;16.0442832106664;14.4996223371002;38.2436591991082;38.5918766297104;NA
1993;1;14.439854272691;14.1071581186812;38.2580683120101;38.523940322407;NA
1993;2;13.8619776451167;13.7860687366098;38.3326250511241;38.557974228562;NA
1993;3;13.8275444903735;13.6176126932327;38.4290627260353;38.6133517958485;NA
1993;4;14.9749420278191;14.0141184093563;38.3876636897872;38.6787750094899;NA
1993;5;18.2261754350896;14.0294548472093;38.3056629182931;38.6710500306561;NA
1993;6;22.1002716058807;14.115510614826;38.2456330552103;38.7007079508405;NA
1993;7;23.879657524446;14.1556781168873;38.1074821232363;38.7053412244607;NA
1993;8;26.2518349040732;14.2796897957009;38.1330025944496;38.6878384244542;NA
1993;9;24.4738099590129;14.4156779177048;38.217913498066;38.6461200391392;NA
1993;10;21.2266909444814;14.4478217665687;38.1445423367308;38.6218106848286;NA
1993;11;18.0300774985503;14.6246508749115;38.0021315179986;38.5469793556213;NA
1993;12;15.5928646641268;14.5639270290048;38.0543245197091;38.5314839875665;NA
1994;1;14.3584594109086;14.0986337945505;38.1378472896674;38.5004644839459;NA
1994;2;13.712470210842;13.6567773591641;38.1638974413856;38.4282487756432;NA
1994;3;14.1295032923111;13.6282229881736;38.0958688879376;38.4320867497053;NA
1994;4;14.8566383261806;13.7365762884794;38.1026253213415;38.4569227767152;NA
1994;5;17.8982685112818;13.8805372267715;38.0441947000388;38.4750215616014;NA
1994;6;21.3594458887515;14.0780183097002;38.048444105542;38.5419746939503;NA
1994;7;25.671838972929;14.2661141434981;38.0163867110617;38.5762112466024;NA
1994;8;27.5467776670579;14.1872401457169;38.0429964318605;38.5789186503395;NA
1994;9;25.6585767680313;14.0922161874767;38.0786002409052;38.5111399177591;NA
1994;10;22.4022514727184;14.3984939476023;37.9803944834969;38.4871639577344;NA
1994;11;18.9061662476235;14.3929617942948;37.8919994517202;38.4353740718519;NA
1994;12;16.1745596787416;14.3959002001263;37.9714065725003;38.4313653356964;NA
1995;1;14.3125330306782;13.8997895581727;38.0825498781084;38.4054032764829;NA
1995;2;13.6027650837482;13.4864204982818;38.1216399494621;38.4122986685941;NA
1995;3;13.5155634520434;13.3773452629264;38.111021323783;38.3915312206089;NA
1995;4;13.9578885100464;13.3754289832253;38.0617187055347;38.383581248948;NA
1995;5;16.5678424272432;13.5900504290003;38.0373090243046;38.4689075760977;NA
1995;6;21.5108079708702;13.8160518636223;38.137288070712;38.5493779891113;NA
1995;7;25.5380760577413;13.8982893293392;38.2251122123879;38.5433784647839;NA
1995;8;26.5850400216444;14.0244188522305;38.1452881033449;38.5839176530724;NA
1995;9;23.7642798554548;14.2449838651465;38.0488203668508;38.6020203298332;NA
1995;10;21.4343977783929;14.5960338573618;37.8356368615231;38.5951362377727;NA
1995;11;17.8343138675962;14.6165132067276;38.0193282676965;38.5665620161233;NA
1995;12;15.0552344005231;14.1305305217958;38.042651483829;38.5129099247594;NA
1996;1;13.9753074163105;13.667053233957;38.0845702700255;38.4552535599501;NA
1996;2;13.6208609908327;13.5848915673489;38.0462192101321;38.4508600102036;NA
1996;3;13.5134370054866;13.5963341792821;38.1771907889739;38.4932917448823;NA
1996;4;14.4652884200718;13.6562921624326;38.2219664000288;38.5208724380248;NA
1996;5;17.4934386918734;13.7020061469523;38.200424939341;38.5294067222508;NA
1996;6;21.8914072844856;13.9185151697862;38.1896232449905;38.5287155097883;NA
1996;7;24.0114597426637;14.1167122643097;38.1853379921931;38.5550123328055;NA
1996;8;25.8472962897688;14.1986206319414;38.2347005629859;38.581178662095;NA
1996;9;23.3520496401612;14.1965307040917;38.1796065796335;38.600834983514;NA
1996;10;19.5200396081847;14.2625551699545;38.0702746404678;38.5719329311905;NA
1996;11;17.1261091119475;14.4752811609266;38.1332328077446;38.5330294965185;NA
1996;12;15.0442790648737;14.2875243090706;38.1457010450616;38.4982091715585;NA
1997;1;14.220862103337;13.8644851878489;38.1564002888709;38.4480384353266;NA
1997;2;14.1308936994273;13.6820905000558;38.2555733736326;38.4614934111637;NA
1997;3;13.9754516027604;13.6082754332779;38.2383359198229;38.4526831461735;NA
1997;4;14.0573721927619;13.7790834490766;38.2173475742247;38.4929794038567;NA
1997;5;17.4421594049131;13.9892555621451;38.2201965651365;38.5452297926193;NA
1997;6;21.5681546683167;14.1985458056654;38.3120964033633;38.597885661605;NA
1997;7;24.032002547805;14.3274911968323;38.2799414875211;38.6257913252385;NA
1997;8;25.2401665431748;14.5101756584963;38.4178209993383;38.642448086565;NA
1997;9;24.5136505336052;14.3483590813742;38.423734040869;38.6014542261319;NA
1997;10;21.6090156124235;14.6245729796627;38.2998212295759;38.5675828512593;NA
1997;11;17.8128996078304;14.6352936761548;38.1257596915414;38.5415049599564;NA
1997;12;15.530336931576;14.5265688819894;38.2430156208572;38.5056929406532;NA
1998;1;14.5776999906771;14.3032807299977;38.2413606877306;38.4975717204149;NA
1998;2;13.9862789321237;13.8208267690499;38.2600144566647;38.4340415842847;NA
1998;3;13.8727866127709;13.7201365188629;38.3041210928218;38.4462336075308;NA
1998;4;14.7321344695299;13.7346370520591;38.2854394184461;38.4962672677095;NA
1998;5;17.3659671214178;14.0669176172583;38.3336244754067;38.5392444165899;NA
1998;6;22.2346065143098;14.4099614826195;38.3903857701269;38.6198546290969;NA
1998;7;25.1641464643543;14.6363245737639;38.4676838976435;38.6754161549414;NA
1998;8;27.6634451852739;14.8527973024545;38.4564951385754;38.6750302858895;NA
1998;9;24.5919787537548;14.8368918665524;38.2961126254881;38.6315650551854;NA
1998;10;21.2130825479212;15.0693752894008;38.2503492438963;38.626547734181;NA
1998;11;18.2553029436892;15.2166179704902;38.283294741952;38.6053199099073;NA
1998;12;15.337683830549;14.7186229380177;38.3672388613227;38.5745791984702;NA
1999;1;14.468088547756;14.315895997886;38.4874769234135;38.6234711439227;3.66969864631683
1999;2;13.938247053525;13.8485899981329;38.562234774596;38.6395998765997;3.96308829155199
1999;3;14.162929179665;13.9755221038226;38.5482352960013;38.6648776320537;8.9098676080159
1999;4;14.7588630780238;13.9037418943501;38.514301701122;38.6520562515277;10.5768060398892
1999;5;18.2871583339887;14.320284166629;38.5250343913667;38.6739440377933;8.45167103459758
1999;6;22.7315657438836;14.7159905037757;38.4937969905405;38.7282109551151;9.23897045621907
1999;7;24.8766393528513;15.0310933921424;38.5027920587353;38.7632192310361;10.7455215972154
1999;8;26.5770353245821;15.1735261469464;38.4415324144166;38.7535128408042;10.2103007185405
1999;9;25.206901658251;15.2309611614842;38.1393067725158;38.7299622805837;7.65998590544837
1999;10;22.8170680609745;15.3167651279986;38.287743951161;38.6860917492418;6.52308117213981
1999;11;19.5473662172173;15.5369534309508;38.4105105787878;38.6657932949625;4.96258350507846
1999;12;16.3502570755246;15.2216056620686;38.5647144330899;38.6946798600622;3.387444851462
2000;1;14.872473606958;14.6033067459223;38.6437882736891;38.70845063606;3.38498302305709
2000;2;14.2217122223574;14.1235419795324;38.6615483861095;38.7293116392735;4.27863293593408
2000;3;14.1748314744433;13.9222946303339;38.6615277872644;38.7419840319676;7.0010445942013
2000;4;15.2832534207541;14.0935606930611;38.6335455516509;38.7389935118439;12.4275361577772
2000;5;19.4906361873813;14.4817330197832;38.5636196538698;38.7252861887363;9.06587375090002
2000;6;23.4597620883223;14.6912863163332;38.6205322623787;38.7278235856236;8.98213180475617
2000;7;24.9234749551948;14.9220632023795;38.6178249706067;38.7514787083753;9.11583194389747
2000;8;26.0213361361312;15.2008387415662;38.5909353770078;38.7687391827885;9.0686560104145
2000;9;24.5488444525468;15.2999536894283;38.622474104779;38.768208792627;7.07871754164556
2000;10;21.6370625930814;15.3823276478723;38.543723841321;38.7496649217903;5.50026607390636
2000;11;19.1533207613452;15.4627650921344;38.4757728024661;38.6842874716854;4.97922756749636
2000;12;17.0962717869917;15.4309799493102;38.5673968492702;38.6992402613;3.61915364049569
2001;1;15.5094559176864;15.0467006380581;38.5385950181256;38.6813580961998;3.7227391054928
2001;2;14.7353251613592;14.5247456511165;38.5002451400342;38.6532790148982;4.87735455486944
2001;3;15.0082238896235;14.4074002807497;38.4594424680328;38.6346617016403;6.21436439788976
2001;4;15.517123323536;14.6162388738679;38.4300140679556;38.6090979079817;5.67167144911979
2001;5;18.2805226303789;14.826388795024;38.3873660962146;38.6271183638834;7.73314439490218
2001;6;21.4840819163171;15.051699202951;38.2894151225241;38.6204055146591;10.293921331789
2001;7;24.8570632169668;15.1269740942962;38.295191997523;38.6590332107118;10.4297282932395
2001;8;26.5364140242733;15.3224658870676;38.3884856377425;38.663016760583;9.86011262893983
2001;9;24.458432929196;15.3467576746702;38.4792951209938;38.6887107651045;7.31706963233163
2001;10;22.9730740092916;15.4544548021817;38.5426476903974;38.6975836870957;6.45071229791111
2001;11;19.4127042717897;15.6840958670014;38.4964895214598;38.6694786167198;4.36236205094107
2001;12;15.81469963213;15.0174232875199;38.5019924997033;38.618922876435;2.6769166744989
2002;1;14.2297097155163;14.0578506817033;38.5446058450194;38.6357952241567;2.8161552631733
2002;2;14.4965623782824;14.253476801517;38.6207544431698;38.7192501332436;4.81137687097068
2002;3;14.7256410728268;14.3685427208296;38.6085002382977;38.7325395684566;7.78812853576058
2002;4;15.4318630351394;14.505131396414;38.5840387456476;38.739904069941;9.14602268027862
2002;5;18.412610222065;14.7150222936474;38.5362793192968;38.7450392858832;8.98534459923558
2002;6;22.5098176678329;15.0167899375587;38.5099552855583;38.7816236905494;8.9488784358775
2002;7;25.7509122683845;15.1090040190709;38.3861146559331;38.7691659142874;10.3144575723611
2002;8;26.1782223591557;15.2556775968174;38.2231161747847;38.7841717001548;9.38472761366982
2002;9;24.729488498338;15.3778309483133;38.1346948595963;38.7808754972267;7.3386149195562
2002;10;21.1437759675084;15.4433979908269;38.1279616141515;38.7266190071913;6.20542361897971
2002;11;18.4055533729524;15.3488572152614;38.2698357929591;38.7120271644914;4.85277255365691
2002;12;16.2253817235351;15.347228475471;38.3856939155049;38.6652261644277;3.32258635985381
2003;1;15.224644500064;14.9332135493872;38.4455320078922;38.6203443278086;3.83241068196795
2003;2;14.5961671879155;14.4990879824726;38.5744164932417;38.6535612163312;3.84652340755822
2003;3;14.4574937843216;14.1796559621229;38.5709383058316;38.6503942388241;5.55727362155126
2003;4;15.1183148255106;14.5083963812447;38.5829907996999;38.7199573759889;8.85489116379974
2003;5;19.363828429637;14.6610017518621;38.5694366835511;38.7381582003542;10.2111405531819
2003;6;24.9698794461979;14.7036625217797;38.5784150824066;38.7230871759434;11.4090657848602
2003;7;27.1193178634477;14.7782280789374;38.7339185544851;38.7523439862573;10.6041408930484
2003;8;28.2437722841595;15.0129845504969;38.7809478206878;38.7690189128459;10.6406444245088
2003;9;25.3106178303983;15.2047519796565;38.7652216471694;38.7557902782761;7.48097655576423
2003;10;21.9346330304053;15.4181834765963;38.7269866272912;38.7810388748374;5.46230393658354
2003;11;18.5603849170684;15.5599954522246;38.6079134277194;38.7523581354179;4.3868309397215
2003;12;16.7255725587173;15.3868286402657;38.5912496561145;38.7386338648401;3.31769331316824
2004;1;14.9738106240749;14.6591123234375;38.6262600399052;38.7449276785998;3.17767316308832
2004;2;14.4268099836894;14.29838607171;38.6910969939178;38.7696019554307;3.87118590674369
2004;3;14.4537404934734;14.27294829864;38.6857793039488;38.7962347645768;7.30880584977803
2004;4;15.3468237647132;14.472133753745;38.6731750857168;38.8312779506681;12.4385876634923
2004;5;17.3263765598584;14.7509699311222;38.6959513697806;38.8498205071982;10.9964469008905
2004;6;21.7047488497301;15.0329738925613;38.5800533041792;38.8575326459067;11.7037544268473
2004;7;25.8979817023907;15.1466332549063;38.6319441078;38.868415925961;11.8848304857441
2004;8;26.2999223652123;15.2860060143574;38.4951615590597;38.8686232909015;9.56415292169683
2004;9;24.9997777332289;15.4376026046099;38.5239318653357;38.8601240257263;7.11386547120594
2004;10;22.6769067535154;15.5664711292836;38.5455686039679;38.8157891530434;6.5100311461194
2004;11;19.2942529738726;15.7112515222524;38.5220541622027;38.7683271430634;4.90038384037398
2004;12;16.6722985473582;15.4683276947121;38.5897511282373;38.78584526553;3.69780252707403
2005;1;15.2871031583997;15.0431047547047;38.6711303885174;38.7817462452794;3.50697175463555
2005;2;14.3815637316368;14.3317115859908;38.7054785119246;38.8062676690958;3.81687967044057
2005;3;14.4437105798959;14.1519293419747;38.7191705980871;38.8107497875831;8.55708372417931
2005;4;15.0809234558819;14.3400190830413;38.7159912498322;38.821457491358;10.9080959170668
2005;5;17.9707243609614;14.5540827499244;38.6473541000038;38.8171569061715;8.95951252303974
2005;6;22.0218296986942;14.8541581757852;38.5954925892928;38.8290051449894;9.18233146948848
2005;7;25.105568696687;14.9498774772983;38.6020590237188;38.8326501172229;10.4838442711195
2005;8;25.7077437024409;15.0425354385146;38.6465987046963;38.8356994059869;9.10576562066906
2005;9;24.8615358485171;15.1666315381615;38.6395038443832;38.8101430764644;7.65626799686352
2005;10;21.6143789134991;15.2139735342374;38.5074021568743;38.7778104857415;5.92634744275579
2005;11;18.9073749026086;15.2165155140957;38.3907565770511;38.7520117056731;5.12471319209604
2005;12;15.7919733495641;14.8827942769708;38.4455268623676;38.7062880087342;3.76421130263415
2006;1;14.3688505121212;14.2581869116145;38.5333435004071;38.6890549160528;3.67115437705417
2006;2;13.635258901275;13.6754798371671;38.5269251567355;38.6751914241448;4.27734806875079
2006;3;13.8052372033172;13.6478485202801;38.624959777617;38.7336209848577;6.98768984466196
2006;4;15.1205111752868;13.8132072952977;38.5539444263816;38.7232155017121;13.7287358884261
2006;5;18.5749918612425;14.1132232278306;38.5306548821979;38.7147912634166;10.2085169701889
2006;6;22.0703075166052;14.5062820902734;38.442591806478;38.6987775858335;11.5364287101872
2006;7;26.1199475840883;14.6149234391229;38.3849205926959;38.7010290572149;12.1061308799921
2006;8;26.6126657114561;14.6068913693938;38.4646830359146;38.6966519504618;10.2097161857414
2006;9;24.7101431954204;14.7323733993351;38.501734085679;38.6882946622394;7.05071843250133
2006;10;21.9578627829135;14.9524838373617;38.4468709554349;38.6700362277372;6.03382227739581
2006;11;18.5320384660871;15.2147127310132;38.488885902484;38.6720437790646;4.30284470764982
2006;12;16.6133432520374;15.0792264502161;38.4558268710473;38.6563402907101;3.26186825886565
2007;1;15.2177326328962;14.6190210878222;38.4524678208555;38.6484339003865;3.99944672590623
2007;2;14.6686608864009;14.4263015397597;38.4488621743351;38.6744229572704;4.90141160417773
2007;3;14.6587371478166;14.278605682033;38.4070714557355;38.6763260683817;7.49140905717549
2007;4;15.9626921291528;14.1627894702569;38.3117317454801;38.6198047144075;11.2087177099248
2007;5;19.2443206374082;14.3379138561572;38.2490087503237;38.5769932362188;9.63869261160651
2007;6;23.1087350327362;14.6660414140687;38.1950056092034;38.6328177969211;11.1755881894785
2007;7;25.8905902010655;14.834825791466;38.2804787040761;38.6632923006534;10.7156930236416
2007;8;26.4160842305211;14.9939867828696;38.4043887633105;38.669196923831;9.17910200886773
2007;9;24.3713584184013;15.1603742117642;38.4248672305192;38.6728262034132;7.02119330566546
2007;10;21.2460063124045;15.341409735673;38.3803306225763;38.6677509931038;5.05694691267498
2007;11;17.7682737096424;15.3162789080696;38.3587256643981;38.645102576038;3.9390999893815
2007;12;15.4480433163339;14.7567472310314;38.3775306737595;38.6103752903921;3.39578565336577
2008;1;14.3496937286289;14.1300909852512;38.4241525781292;38.590849124616;3.87562878560839
2008;2;14.0695101535404;13.8311675137485;38.485939999404;38.6045635694375;4.70230920362476
2008;3;14.2782850252268;13.8777465410943;38.475530563491;38.6409171758106;9.48656248917573
2008;4;15.0551732970849;14.0036881265356;38.4651721098318;38.6271882907613;8.44798632643941
2008;5;18.1733919569462;14.4040200176277;38.3981687529712;38.6369766165211;8.95625313023046
2008;6;22.5778458090983;14.5900229596128;38.3015610784192;38.644047865743;10.8545611282399
2008;7;25.9618275911197;14.8082852868744;38.2126800231674;38.6711997761646;12.3537601818009
2008;8;26.8725948481119;14.9089771118592;38.3150217506743;38.6891273043357;9.95991305552817
2008;9;25.5510939212293;15.1389302458989;38.3811154848914;38.6799938039336;7.36148831134646
2008;10;21.8967136535621;15.11786959906;38.3880774202094;38.6783333730004;5.08543308075328
2008;11;19.2448062320303;14.9510614874194;38.3195247210898;38.6307333605852;4.38556519458855
2008;12;15.9455788145419;14.7954929079479;38.32339496218;38.6120862904185;4.04171926329806
2009;1;14.6693698299215;14.3851622736709;38.317423721384;38.5657719380796;4.04946143680124
2009;2;14.0201041738148;13.8869488661663;38.3617726566856;38.5200627274903;4.91615611874973
2009;3;13.6524597618867;13.5764065618023;38.3867628016724;38.5119068893216;5.6316890795252
2009;4;14.7653118627342;13.7526491374616;38.2882421903061;38.524334830377;10.0996676092128
2009;5;18.8043140794812;13.9945510857674;38.2579401251324;38.5368968994566;10.8233743857198
2009;6;22.6825117348612;14.2131392652563;38.11950622561;38.5546395948678;12.4988262902677
2009;7;25.5413836496108;14.4212083538753;37.9957378469727;38.5996353744728;12.4924343333682
2009;8;27.2233505933186;14.4461259260712;38.1914497889476;38.5811295444999;9.99070853537749
2009;9;25.7522505502798;14.5914565548411;38.3021808486187;38.5688913368801;7.41783281387416
2009;10;22.0420381055468;14.9754611134756;38.3007468853618;38.5858890724439;6.09906827637232
2009;11;18.1263814656346;15.0714727802695;38.2104640338766;38.5476035502795;4.85829573602945
2009;12;15.8230897631356;14.6553517447698;38.225019298984;38.5180146625206;3.83008960736184
2010;1;14.4662866200613;14.1486443438068;38.3253608745967;38.5046665934047;3.94604077170758
2010;2;13.7931594743042;13.692485215414;38.4161564802568;38.5353220046064;5.03287674415322
2010;3;13.6680446747585;13.3908802785994;38.4177666583142;38.5059589580428;7.27992879822089
2010;4;14.9803375423298;13.6428370880236;38.3160518739151;38.4689266422615;10.7541471953901
2010;5;17.7404545621249;14.2709418532127;38.2708130553428;38.5818667872356;8.53660022190539
2010;6;21.4493508216365;14.6395735992297;38.2038674233949;38.6435676342666;11.5398729514053
2010;7;25.4623170245385;15.0207645666067;38.2585645053769;38.6905864972014;12.0891330903628
2010;8;26.5506943191065;15.1056453242277;38.3785177907149;38.7203328504975;10.3115539157721
2010;9;24.7190174711637;15.2913156209745;38.387072396714;38.7541942302034;7.28609699118113
2010;10;21.7485581701517;15.44167622336;38.2039200661779;38.6994906185373;5.78148580781716
2010;11;18.3842000902809;15.3370210299307;38.1054222705874;38.6005313339404;5.24529591553422
2010;12;15.958769124757;15.0619134401306;38.2701371054096;38.5875011386022;4.12189230243406
2011;1;14.6729349480628;14.5007392425764;38.378914996683;38.5431214655372;4.29895469733087
2011;2;14.5593605440902;14.4475959733782;38.5346006339657;38.6249059104566;4.82757861535848
2011;3;14.4255131426667;14.3151634249323;38.5040038142378;38.635265607057;5.84873340971026
2011;4;15.5263847066889;14.6056627376577;38.4168878095326;38.6567805736461;8.60794415390752
2011;5;18.0527782948984;15.1105531982406;38.3103233806735;38.7235450115716;9.22148280933118
2011;6;22.6126190356119;15.3837984426082;38.3662768400375;38.7712499167482;11.5398625734366
2011;7;25.7362602547567;15.4185346136648;38.4964162452969;38.79724934213;10.9498353749479
2011;8;26.550899623563;15.6579929088575;38.590276294299;38.8024541008933;9.26770538287154
2011;9;26.515978134972;15.6811900871491;38.6759356441999;38.7959968561335;7.56018987890902
2011;10;22.883361653615;16.1919906046515;38.6685149599062;38.7919327079154;5.49835000875763
2011;11;19.3108450043245;16.242968758751;38.6118330088214;38.7678900122368;3.93974473770704
2011;12;17.1267699301136;15.9280786603192;38.5946813596248;38.7461040113348;3.49769647969691
2012;1;15.2374107106696;15.0495345559629;38.6383746750082;38.7355412665934;3.12740412061923
2012;2;14.2395938086529;14.2403988120705;38.6613802445141;38.7474741394103;3.08764142119196
2012;3;14.5657459725588;14.2011069651168;38.7284273914259;38.7782360801183;7.77443156307542
2012;4;15.4376559623173;14.3900409608587;38.695543042252;38.8030070692713;9.92242290758654
2012;5;18.3654835291068;14.83897987722;38.700143574114;38.850061283404;8.79787951542488
2012;6;22.9676329664934;14.9656182642091;38.660580355728;38.8644481156013;9.00732135493978
2012;7;26.7786153520572;15.0986382142217;38.7173375386592;38.8602813770874;9.47271613650004
2012;8;27.641618049986;15.3393186992451;38.8195019896578;38.8483740413988;8.68401655884813
2012;9;25.806771381875;15.3357454898582;38.8321733162934;38.8291568319812;6.94541425810417
2012;10;23.2690745471213;15.3534818460284;38.7001124447597;38.8228509320569;6.02295007126925
2012;11;19.7422777283697;15.590839222074;38.4957323172349;38.8095258747097;4.97847956589064
2012;12;16.4164263504999;15.3320502203178;38.6412389557002;38.781722058737;3.65963547760247
2013;1;14.8860680644273;14.6347838524424;38.6837165369457;38.7794544863292;3.53603614382065
2013;2;14.1940289384447;14.101911657234;38.7181828825455;38.7845093633494;3.97282743404135
2013;3;14.2449537015141;14.0909630461613;38.6954067500281;38.7898347580041;6.61870364655496
2013;4;15.629540196433;14.3361488736278;38.6553683738386;38.780533464054;11.3730970227931
2013;5;18.8093200671385;14.6676066855201;38.6564792417547;38.8013496393168;9.48762260237666
2013;6;21.6386699215522;14.9726149582986;38.5682966949077;38.8378902066939;9.45272066820841
2013;7;25.1028221164632;15.3380608591464;38.5171164102236;38.8437592887367;11.0067865388161
2013;8;27.1226049076666;15.5755201318049;38.5251535753453;38.8452587403338;9.68996965148158
2013;9;25.5937929128861;15.6326899486122;38.6248993839668;38.8535170958713;7.14160260654736
2013;10;22.6261503096059;15.7117693993364;38.6870981406609;38.839294600414;5.91034590690911
2013;11;20.4046897781427;15.8521916435833;38.5739350585995;38.7363009068282;4.34162035686498
2013;12;17.4082623676711;15.7822968361214;38.599690615296;38.728384368731;3.74374649912989
2014;1;16.1942830777646;15.5711051121674;38.6527596198411;38.7796223794102;3.41824099454592
2014;2;15.3549490469499;15.1336651213944;38.6168344160136;38.7695377238623;4.86914285964291
2014;3;15.1458224155906;14.9278829181249;38.584011615099;38.720687218633;5.55780368667683
2014;4;15.6658220650046;14.8819555150097;38.3534611959354;38.6622126525697;7.13436129808198
2014;5;17.9292569305229;15.1189058833011;38.25222688094;38.6417146599163;8.0115339766714
2014;6;22.3210820313843;15.2479752471896;38.2585768777291;38.7022125760167;11.4038291053962
2014;7;24.8462111934069;15.4189235290934;38.2349550756824;38.7384545455478;11.0595799036328
2014;8;26.398465294197;15.5548792573421;38.2945219888318;38.7717973838175;9.86419710753297
2014;9;25.2919586152538;15.5100983162355;38.1768735194835;38.7247326224051;8.03373139942671
2014;10;22.603341006075;15.6034630485905;38.0005900041588;38.7078686490117;6.6986112949933
2014;11;19.37664892337;15.7473903189145;38.1327846004848;38.6842093353727;5.37157361430987
2014;12;17.2022188884531;15.8626510432232;38.271871703995;38.6343173239053;4.36141646185188
2015;1;15.3545372390561;15.191349393292;38.412455626268;38.6458748951261;3.79527972957551
2015;2;14.6168430560501;14.7160387899987;38.5196969501083;38.6886267035056;4.20810070144487
2015;3;14.6833791991763;14.6736944419279;38.5874695431683;38.7301477188809;5.67938917146735
2015;4;15.3510298914556;14.7821086188889;38.5128712352282;38.7181234346698;9.42920196728839
2015;5;18.7578125547794;15.1248791612628;38.5413645075683;38.8068522056637;9.76839984955509
2015;6;22.7464624144048;15.4531435961195;38.4916038089594;38.8422258830465;11.2528173802185
2015;7;26.8147928475519;15.5147257731841;38.4959326427623;38.8594175624519;12.0091754659478
2015;8;28.211596628117;15.5092553054449;38.5190794510276;38.8466308078789;10.6381905558302
2015;9;26.4417845038395;15.6247645518067;38.392891274599;38.8402572165463;8.11611160875957
2015;10;22.6065844673202;15.8247466623167;38.3265777414748;38.792942405386;6.41521621263153
2015;11;19.346893343228;15.8686064765828;38.3927391576603;38.7230574118374;5.09432334099247
2015;12;17.3574813176825;15.7924087656729;38.5404669662693;38.7684384781051;4.04113592759945
2016;1;15.6431958146898;15.2475735696972;38.5889385805261;38.7707202774129;3.68109445290333
2016;2;14.9349266657777;14.8530827614626;38.6373793815226;38.7874495568909;5.01817451244418
2016;3;14.8927672398571;14.8065505806366;38.6685861216979;38.8131074469223;6.0641840086002
2016;4;15.9347293062612;14.6930603691303;38.647963477927;38.7941943509701;10.9322812258466
2016;5;17.9756713541762;14.8982688955354;38.4194420532988;38.7596498127207;7.76270854491566
2016;6;22.0716475592459;15.0461999141191;38.3160378292056;38.787035829306;10.0121616066795
2016;7;25.8338656778031;15.2823466226301;38.3836511632748;38.7851621224164;10.8883096035732
2016;8;26.3787843547728;15.7131772825366;38.5202974984968;38.8168454268208;8.78263760101034
2016;9;25.169526172388;15.7613445167722;38.5620785610131;38.8471609091233;7.17831127683459
2016;10;22.724330818478;15.9630851543871;38.651640635291;38.8515860819192;5.87096880983377
2016;11;19.3338532168602;16.1293933161914;38.6321170776894;38.8134605331016;4.49901919655481
2016;12;17.2662932754779;15.9762443386113;38.691320565616;38.8150326354331;3.3895727829313
2017;1;15.4396342462189;15.176650885464;38.7791074126959;38.8614045868324;2.90086432499466
2017;2;14.7748466331422;14.6290875918145;38.7710376328644;38.8589622703134;4.38800000837653
2017;3;14.8025801002784;14.4408009420575;38.7686276868795;38.8440743557044;8.04393400009642
2017;4;15.852185042537;14.6784054991074;38.710227488619;38.8391216395498;8.3221144342483
2017;5;18.277781488439;15.1007425666155;38.7029707566249;38.8559586866446;7.12100109032669
2017;6;23.2733493880028;15.2153556636571;38.6917561109909;38.8645849359597;8.59787637038595
2017;7;25.8466675563025;15.2414671405713;38.7563623043019;38.8522299799273;8.74637626064594
2017;8;27.1862702176062;15.4389409832254;38.8525584794256;38.8662678492099;8.68767216587834
2017;9;24.8795515482982;15.5381798056509;38.8413519760837;38.8694696544905;6.82957903258795
2017;10;21.9783375584981;15.8157752630416;38.6713478983816;38.8607974353834;5.50703166955673
2017;11;18.6199080025621;15.700771356416;38.560049282854;38.8404383802941;3.95988841193721
2017;12;15.9026471553846;15.1983938964355;38.5968923413951;38.7970237100699;3.48638954737377
2018;1;14.7617431430611;14.5404129801689;38.6614684367087;38.790066594738;3.72586532556748
2018;2;14.3138921893238;14.1982418629577;38.6839760464479;38.7910903185587;4.21122749646863
2018;3;14.3010933633841;14.0357711194591;38.6527074494206;38.750526192247;7.17424474934129
2018;4;15.9796898374058;14.107841793692;38.3549900983729;38.6339212561968;10.9301674647862
2018;5;19.8576278499307;14.5129641019136;38.213552339385;38.674198622882;9.46638109927731
2018;6;23.8781110662692;15.1251547532787;38.2050527280973;38.7759235487176;9.98927530628556
2018;7;25.6966538538824;15.2749626474384;38.1589071849579;38.7969704237621;10.5455826772411
2018;8;27.7413434646517;15.4341049980761;38.2606584696891;38.8401577493487;9.38884370460014
2018;9;26.2361730607759;15.485115896804;38.3186821060191;38.814983427904;7.31106591541002
2018;10;22.662793727514;15.7008848980701;38.2218517126676;38.7959237885795;5.69676052076079
2018;11;19.8310281601279;15.6214220679057;38.257913374845;38.7264663506392;4.75419019442297
2018;12;16.7565997739946;15.6255012810484;38.3943024415414;38.6665288567459;3.92793358955357
2019;1;14.9971583202795;14.8792478356599;38.5063949247121;38.6961755703898;3.78992678325424
2019;2;14.3990561225198;14.3587112863417;38.6324486885814;38.7567766206801;5.28187060549307
2019;3;14.7961462541138;14.4335169723232;38.7154915803703;38.8137973182148;8.41221876745469
2019;4;15.5095673827985;14.5939179321765;38.5584283075919;38.7934036994968;10.0535742070321
2019;5;17.2396393546655;15.0019377438307;38.4924823142489;38.869218403052;8.14905247902147
2019;6;23.1385406700118;15.2898418620782;38.3661995304077;38.9058203884478;10.1140840395473
2019;7;26.3816610328482;15.4545740855569;38.3630756248792;38.9477390722394;10.3070693392182
2019;8;27.450125622313;15.6321011213207;38.5483186457532;38.9523566130567;8.99925975547393
2019;9;26.5273723278994;15.8522286847666;38.6148033970055;38.9425350800531;7.09285977019097
2019;10;23.8684597022147;15.8000879438216;38.6011061607055;38.9237294942734;6.2382243249528
2019;11;19.874582386277;15.7153825574495;38.6240095894621;38.936650678368;5.77029689082707
2019;12;16.9733229224645;15.7658652529848;38.6741707179983;38.8991121676174;5.02000438103013
2020;1;15.3957113915658;15.2192819484698;38.7477882732504;38.8688606778729;4.6969652065019
2020;2;14.8821469150256;14.7477081592373;38.7746543714387;38.8814837470356;5.79006831627488
2020;3;15.0163338944156;14.8022597203331;38.8435153610788;38.9578452663862;6.6430628174316
2020;4;15.6973342425373;14.8306235911292;38.7901052183685;38.9371746090713;10.8424443397812
2020;5;18.2460789413604;15.0556450716951;38.6849152347396;38.8881598356449;9.80868417190966
2020;6;21.4976306555509;15.2144382095537;38.5658404754209;38.9041852589854;10.1807829345745
2020;7;25.5146562119022;15.4718134474242;38.6883259481042;38.9364514762416;10.2935327646089
2020;8;27.2924500984492;15.5487434362646;38.8126189666384;38.9452719410698;9.27803187872251
2020;9;26.4198843119392;15.669555733748;38.8735920896618;38.9449990608578;7.31533029104679
2020;10;22.3912210076799;15.7393243705844;38.7905205096562;38.9364850869068;6.05363762515345
2020;11;19.6168468977196;16.0966545752083;38.7490765989163;38.9156914276374;4.4582157275736
2020;12;17.2041669951286;15.8837157281727;38.756680984392;38.9155419575973;4.30820186207201
2021;1;15.6998670375722;15.3729844036267;38.809301741353;38.9326968916019;4.83458555751913
2021;2;15.1716859719145;14.941457144934;38.8591636697263;38.9498146395592;5.75975231763709
2021;3;15.0343471033984;14.8111719393696;38.868386319458;38.9635664484408;6.91311779858302
2021;4;15.2238033091848;14.7236415216713;38.8417432128144;38.9550558182907;9.60197106695172
2021;5;17.8420929270405;14.9615502678848;38.7947529729267;38.9510827478649;11.9121056257084
2021;6;22.7164539286238;15.4292059960295;38.8511304674781;38.9613813665989;10.0808314014731
2021;7;26.6965190461479;15.5372806386354;38.8689735167202;38.9836927598155;10.9251146524019
2021;8;28.1831341989484;15.6224317713653;38.9199874079406;38.9970527634295;10.0020082952422
2021;9;26.0825955652807;15.8887488080883;38.8779334172661;38.9878740417497;7.35558094118675
2021;10;22.4643886520458;16.212948519712;38.7002569244569;38.9561580171757;5.81065928082667
2021;11;19.0538934386764;16.1949997628818;38.4970245782731;38.9115216060265;5.28910891242576
2021;12;16.3813545667089;15.6909713526834;38.6956362915728;38.8786769472323;3.43045607865774
